source,target,unit,data source 1,data source 2,1949,1950,1951,1952,1953,1954,1955,1956,1957,1958,1959,1960,1961,1962,1963,1964,1965,1966,1967,1968,1969,1970,1971,1972,1973,1974,1975,1976,1977,1978,1979,1980,1981,1982,1983,1984,1985,1986,1987,1988,1989,1990,1991,1992,1993,1994,1995,1996,1997,1998,1999,2000,2001,2002,2003,2004,2005,2006,2007,2008,2009,2010,2011,2012,2013,2014,2015,2016,2017,2018,2019,2020,2021,2022,2023,2024,2025,2026,2027,2028,2029,2030,2031,2032,2033,2034,2035,2036,2037,2038,2039,2040
Underground,Coal,Trillion Btu,http://www.eia.gov/totalenergy/data/annual/xls/stb0702.xls,www.eia.gov/oiaf/aeo/tablebrowser/aeo_query_server/?event=ehExcel.getFile&study=AEO2014&region=0-0&cases=ref2014-d102413a&table=95-AEO2014&yearFilter=0,6994,8205,8618,7429,7161,5963,6976,7422,7280,5800,5707,5702,5448,5612,6022,6386,6586,6677,6868,6755,6806,6637,5402,5945,5848,5417,5719,5758,5196,4731,6254,6578,6168,6610,5854,6861,6837,7025,7267,7448,7675,8274,7936,7937,6842,7778,7722,7988,8198,8141,7636,7282,7418,6965,6875,7163,7184,6997,6856,6959,6472,6571,6725,6664,6490,6600,6368,6417,6609,6737,6826,6812,6917,6951,6939,7065,7086,7110,7091,7191,7146,7310,7284,7318,7394,7406,7465,7366,7366,7365,7416,7554
Surface,Coal,Trillion Btu,http://www.eia.gov/totalenergy/data/annual/xls/stb0702.xls,www.eia.gov/oiaf/aeo/tablebrowser/aeo_query_server/?event=ehExcel.getFile&study=AEO2014&region=0-0&cases=ref2014-d102413a&table=95-AEO2014&yearFilter=0,2372,2717,2614,2461,2354,2238,2590,2903,2816,2612,2725,2762,2745,2945,3279,3440,3683,3980,4141,4095,4321,5304,5530,5797,5817,6471,7039,7590,8392,8329,8970,9592,9886,9724,9388,10599,10384,10327,10639,11072,11438,11782,11474,11504,11584,12364,12409,12746,13043,13639,13811,13641,14559,14361,14012,14510,14868,15664,15491,15878,14478,14562,14628,13146,13418,13799,14339,13499,13741,14030,14109,14176,14203,14323,14417,14463,14622,14567,14600,14490,14662,14651,14681,14654,14529,14512,14482,14509,14252,14247,14306,14284
Imports,Coal,Trillion Btu,http://www.eia.gov/totalenergy/data/browser/xls.cfm?tbl=T06.01,http://www.eia.gov/oiaf/aeo/tablebrowser/aeo_query_server/?event=ehExcel.getFile&study=AEO2014&region=0-0&cases=ref2014-d102413a&table=15-AEO2014&yearFilter=0,6,7,6,6,5,4,7,7,7,6,7,5,3,5,5,6,4,3,4,4,2,1,2,1,2,41,18,23,32,58,40,23,20,14,25,25,38,43,34,42,56,53,66,74,159,173,185,158,146,170,177,244,386,329,488,532,594,706,708,667,441,377,255,179,174,181,97,58,21,21,30,40,35,41,41,50,30,40,58,79,58,21,21,21,21,21,41,46,57,54,56,21
Coal,Exports,Trillion Btu,http://www.eia.gov/totalenergy/data/browser/xls.cfm?tbl=T06.01,http://www.eia.gov/oiaf/aeo/tablebrowser/aeo_query_server/?event=ehExcel.getFile&study=AEO2014&region=0-0&cases=ref2014-d102413a&table=15-AEO2014&yearFilter=0,639,572,1222,1018,711,661,1061,1438,1574,1025,761,740,709,784,983,966,995,976,977,997,1108,1398,1117,1106,1044,1182,1292,1170,1058,793,1287,1788,2193,2071,1516,1588,1806,1667,1551,1852,1965,2062,2124,1998,1452,1391,1726,1763,1628,1521,1140,1140,948,772,838,935,973,968,1153,1589,1152,1593,2090,2451,2293,2146,2207,2294,2357,2421,2439,2490,2510,2544,2586,2625,2659,2639,2639,2658,2740,2880,2938,2976,2982,3045,3118,3049,2884,2897,3023,3146
Onshore,Oil,Trillion Btu,http://www.eia.gov/totalenergy/data/annual/xls/stb0502.xls,http://www.eia.gov/oiaf/aeo/tablebrowser/aeo_query_server/?event=ehExcel.getFile&study=AEO2014&region=0-0&cases=ref2014-d102413a&table=14-AEO2014&yearFilter=0,,,,,,13145,14067,14755,14693,13704,14352,14257,14433,14581,14875,14918,15115,15819,16516,16576,16506,17062,16467,16516,16073,15422,14845,14580,14965,16028,15845,16053,15957,15958,15860,16125,16347,15722,15142,14750,13732,13281,13220,12637,11847,11202,10659,10407,10168,9653,8746,8595,8212,7924,7766,7506,7338,7199,7214,7328,7668,7927,8845,9736,12368,13898,14700,14972,15067,15119,15197,15268,15266,15218,15137,15047,14904,14599,14346,14085,13810,13514,13249,12975,12731,12498,12260,11994,11761,11527,11306,11075
Offshore,Oil,Trillion Btu,http://www.eia.gov/totalenergy/data/annual/xls/stb0502.xls,http://www.eia.gov/oiaf/aeo/tablebrowser/aeo_query_server/?event=ehExcel.getFile&study=AEO2014&region=0-0&cases=ref2014-d102413a&table=14-AEO2014&yearFilter=0,,,,,,282,343,426,485,500,580,677,774,941,1091,1246,1407,1742,2135,2733,3050,3339,3566,3525,3420,3153,2884,2682,2489,2406,2259,2195,2189,2351,2532,2723,2645,2654,2533,2529,2385,2291,2481,2586,2647,2901,3228,3316,3490,3582,3705,3763,4070,4240,4260,3997,3625,3602,3508,3181,3680,3666,3141,2890,2900,3154,3453,4249,4170,4153,4182,4029,3794,3623,3544,3428,3466,3449,3396,3368,3391,3558,3545,3537,3579,3583,3605,3643,3777,3794,4025,4210
Tight Oil,Oil,Trillion Btu,http://www.eia.gov/todayinenergy/chartdata/AEO2012Crude.csv,http://www.eia.gov/oiaf/aeo/tablebrowser/aeo_query_server/?event=ehExcel.getFile&study=AEO2014&region=0-0&cases=ref2014-d102413a&table=14-AEO2014&yearFilter=0,,,,,,,,,,,,,,,,,,,,,,,,,,,,,,,,,,,,,,,,,,64,106,106,106,85,108,108,95,87,78,229,224,216,207,235,284,303,324,428,529,792,2782,4772,7358,8624,9515,9882,9989,10072,10121,10138,10164,10045,9901,9764,9615,9468,9349,9198,9018,8824,8629,8425,8223,8022,7808,7582,7381,7173,6971,6767
Imports,Oil,Trillion Btu,http://www.eia.gov/totalenergy/data/browser/xls.cfm?tbl=T03.03B,www.eia.gov/oiaf/aeo/tablebrowser/aeo_query_server/?event=ehExcel.getFile&study=AEO2014&region=0-0&cases=ref2014-d102413a&table=11-AEO2014&yearFilter=0,1366,1800,1788,2016,2189,2227,2642,3040,3333,3599,3768,3841,4058,4407,4493,4782,5224,5447,5371,6012,6702,7239,8311,10037,13244,12939,12820,15481,18645,17705,17902,14626,12693,10825,10694,11510,10727,13175,14137,15670,17064,16973,16146,16698,18249,19045,18704,20066,21512,22669,22974,24259,25132,24410,25964,27828,29032,29018,28513,27342,24749,24966,24210,22436,20734,13597,13032,12227,12323,12312,12208,12264,12463,12554,12614,12737,12768,13045,13344,13594,13825,13969,14266,14433,14502,14708,15017,15337,15549,15986,16077,16243
Oil,Exports,Trillion Btu,http://www.eia.gov/totalenergy/data/browser/xls.cfm?tbl=T03.03B,www.eia.gov/oiaf/aeo/tablebrowser/aeo_query_server/?event=ehExcel.getFile&study=AEO2014&region=0-0&cases=ref2014-d102413a&table=11-AEO2014&yearFilter=0,692,646,894,915,850,752,778,910,1202,584,447,427,369,356,440,427,396,420,650,489,492,548,475,471,490,467,443,472,514,766,997,1153,1259,1726,1565,1527,1653,1661,1617,1726,1818,1813,2119,2010,2123,1995,2010,2076,2124,2000,1989,2202,2056,2083,2173,2219,2466,2787,3033,3814,4285,4980,6321,6785,7609,6248,6485,6564,6560,6539,6504,6445,6389,6497,6596,6655,6706,6805,6896,6941,7018,7148,7276,7394,7483,7625,7713,7784,7898,7967,7995,8025
Alaska,Oil,Trillion Btu,http://www.eia.gov/totalenergy/data/browser/xls.cfm?tbl=T03.01,www.eia.gov/oiaf/aeo/tablebrowser/aeo_query_server/?event=ehExcel.getFile&study=AEO2014&region=0-0&cases=ref2014-d102413a&table=11-AEO2014&yearFilter=0,0,0,0,0,0,0,0,0,0,0,1,3,37,60,62,64,65,83,169,383,429,485,461,422,419,409,405,367,981,2602,2966,3422,3407,3590,3628,3646,3864,3952,4153,4270,3967,3754,3807,3629,3349,3300,3142,2950,2743,2487,2223,2055,2038,2084,2062,1923,1829,1569,1529,1445,1366,1270,1188,1113,1090,1003,980,978,995,999,961,925,874,823,775,732,692,651,611,574,540,509,480,578,720,822,801,780,761,681,611,550
Onshore,Gas,Trillion Btu,http://www.eia.gov/totalenergy/data/annual/xls/stb0604.xls,http://www.eia.gov/totalenergy/data/annual/xls/stb0604.xls,,,,,,,,,,,,15185,15521,15977,16819,17337,17750,18477,19541,20296,21243,21902,21844,21502,21377,19818,17993,17782,17594,16602,16687,16625,16291,15176,14272,15423,15349,14906,15439,16214,16239,16414,16853,17228,17786,18327,18770,18727,18764,18765,18587,18936,19152,19095,19376,19714,20056,20450,21717,23173,23559,24559,26806,22626,22532,22406,22769,23666,24352,25247,26329,27321,28023,28602,29302,29835,30258,30561,30890,31194,31348,31594,31808,32174,32546,32911,33270,33477,33683,34000,34162,34265
Offshore,Gas,Trillion Btu,http://www.eia.gov/totalenergy/data/annual/xls/stb0604.xls,http://www.eia.gov/totalenergy/data/annual/xls/stb0604.xls,,,,,,,,,,,,280,326,463,578,637,662,1033,1217,1562,2003,2479,2846,3115,3292,3603,3638,3686,4031,5239,5743,5791,5836,5603,4853,5351,4748,4703,5205,5310,5362,5647,5441,5457,5508,5843,5567,5990,6054,5946,5832,5842,5961,5445,5346,4855,3987,3674,3564,3104,3149,2948,2485,1701,1931,2167,2169,2355,2389,2342,2278,2211,2141,2066,2125,2122,2142,2214,2266,2315,2372,2480,2512,2535,2525,2509,2521,2590,2715,2767,2934,3022
Imports,Gas,Trillion Btu,http://www.eia.gov/totalenergy/data/browser/xls.cfm?tbl=T04.10,www.eia.gov/oiaf/aeo/tablebrowser/aeo_query_server/?event=ehExcel.getFile&study=AEO2014&region=0-0&cases=ref2014-d102413a&table=76-AEO2014&yearFilter=0,,,,8,9,7,11,11,39,139,137,160,224,412,416,454,468,492,578,668,745,841,958,1045,1059,983,977,988,1036,990,1285,1009,927,957,941,864,973,769,1017,1326,1416,1571,1818,2191,2409,2689,2912,3011,3069,3231,3675,3876,4076,4116,4042,4365,4450,4291,4723,4084,3845,3834,3555,3216,2955,3212,3186,3152,2906,2747,2560,2394,2310,2208,2122,2095,2038,1986,1954,1950,1970,2013,2054,2024,2024,2037,2055,2098,2138,2164,2193,2277
Gas,Exports,Trillion Btu,http://www.eia.gov/totalenergy/data/browser/xls.cfm?tbl=T04.15,www.eia.gov/oiaf/aeo/tablebrowser/aeo_query_server/?event=ehExcel.getFile&study=AEO2014&region=0-0&cases=ref2014-d102413a&table=76-AEO2014&yearFilter=0,21,26,25,28,29,29,32,37,43,40,19,12,11,16,17,20,27,25,84,96,53,72,82,80,79,79,74,66,57,54,57,50,61,53,56,56,57,63,55,75,110,88,132,222,144,166,158,157,161,163,168,250,383,529,697,875,747,742,843,987,1099,1165,1543,1659,1612,1833,2074,2378,2875,3422,3998,4368,4665,4757,5072,5366,5534,5815,6168,6507,6853,7074,7221,7395,7494,7585,7724,7861,7965,8073,8188,8220
Tight Gas,Onshore,Trillion Btu,http://www.eia.gov/totalenergy/data/annual/xls/stb0604.xls,http://www.eia.gov/oiaf/aeo/tablebrowser/aeo_query_server/?event=ehExcel.getFile&study=AEO2014&region=0-0&cases=ref2014-d102413a&table=12-AEO2014&yearFilter=0,,,,,,,,,,,,,,,,,,,,,,,,,,,,,,,,,,,,,,,,,,,,,,,,,,,,,,,,,,,,,,,5130,4984,5364,5289,5438,5696,5939,6243,6486,6640,6812,6929,7008,7122,7236,7347,7547,7844,8046,8258,8405,8526,8626,8694,8747,8601,8550,8528,8549,8621
Shale Gas,Onshore,Trillion Btu,http://www.eia.gov/totalenergy/data/annual/xls/stb0604.xls,http://www.eia.gov/oiaf/aeo/tablebrowser/aeo_query_server/?event=ehExcel.getFile&study=AEO2014&region=0-0&cases=ref2014-d102413a&table=14-AEO2014&yearFilter=0,,,,,,,,,,,,,,,,,,,,,,,,,,,,,,,,,,,,,,,,,,,,,,,,,,,,,,,,,,,,,,,8141,9959,9585,9866,10209,10707,11183,11748,12704,13660,14194,14761,15472,15974,16392,16747,17018,17164,17219,17341,17503,17885,18240,18604,18963,19332,19648,20047,20227,20320
Coalbed Methane,Onshore,Trillion Btu,http://www.eia.gov/totalenergy/data/annual/xls/stb0604.xls,http://www.eia.gov/oiaf/aeo/tablebrowser/aeo_query_server/?event=ehExcel.getFile&study=AEO2014&region=0-0&cases=ref2014-d102413a&table=14-AEO2014&yearFilter=0,,,,,,,,,,,,,,,,,,,,,,,,,,,,,,,,,,,,,,,,,,,,,,,,,,,,,,,,,,,,,,,1774,1622,1678,1591,1575,1593,1648,1711,1731,1706,1705,1682,1676,1667,1655,1633,1615,1612,1628,1651,1659,1666,1673,1679,1684,1716,1725,1719,1733,1748
Other,Onshore,Trillion Btu,http://www.eia.gov/totalenergy/data/annual/xls/stb0604.xls,http://www.eia.gov/oiaf/aeo/tablebrowser/aeo_query_server/?event=ehExcel.getFile&study=AEO2014&region=0-0&cases=ref2014-d102413a&table=14-AEO2014&yearFilter=0,,,,,,,,,,,,,,,,,,,,,,,,,,,,,,,,,,,,,,,,,,,,,,,,,,,,,,,,,,,,,,,4104,3953,3469,3137,2981,2941,2867,2818,2695,2596,2580,2478,2423,2370,2307,2237,2185,2126,2080,2033,1975,1877,1833,1788,1761,1742,1704,1674,1653,1615
Dissolved,Onshore,Trillion Btu,http://www.eia.gov/totalenergy/data/annual/xls/stb0604.xls,http://www.eia.gov/oiaf/aeo/tablebrowser/aeo_query_server/?event=ehExcel.getFile&study=AEO2014&region=0-0&cases=ref2014-d102413a&table=14-AEO2014&yearFilter=0,,,,,,,,,,,,,,,,,,,,,,,,,,,,,,,,,,,,,,,,,,,,,,,,,,,,,,,,,,,,,,,1714,2108,2436,2523,2565,2729,2715,2727,2713,2720,2732,2752,2723,2703,2668,2596,2525,2449,2374,2310,2265,2221,2174,2146,2116,2085,2057,2032,1999,1961
Alaska,Gas,Trillion Btu,http://www.eia.gov/totalenergy/data/annual/xls/stb0604.xls,http://www.eia.gov/oiaf/aeo/tablebrowser/aeo_query_server/?event=ehExcel.getFile&study=AEO2014&region=0-0&cases=ref2014-d102413a&table=14-AEO2014&yearFilter=0,,,,,,,,,,,,,,,,,,,,,,,,,,,,,,,,,,,,,,,,,,,,,,,,,,,,,,,,,,,,,,,343,337,327,313,307,302,298,293,289,284,280,275,271,266,262,501,741,980,1220,1215,1211,1208,1206,1205,1204,1203,1202,1200,1198,1196
Coal,Electric Generation,Trillion Btu,http://www.eia.gov/totalenergy/data/monthly/#electricity,http://www.eia.gov/forecasts/aeo/tables_ref.cfm,1995,2199,2507,2557,2777,2841,3458,3790,3855,3721,4029,4228,4355,4622,5050,5380,5821,6302,6445,6994,7219,7227,7299,7811,8658,8534,8786,9720,10262,10238,11260,12123,12583,12582,13213,14019,14542,14444,15173,15850,16137,16261,16250,16466,17196,17261,17466,18429,18905,19216,19279,20220,19614,19783,20185,20305,20737,20462,20808,20513,18225,19133,18035,15821,16489,17327,17042,16063,16453,16822,16964,16947,17045,17138,17155,17317,17410,17406,17449,17455,17463,17445,17420,17395,17381,17351,17323,17327,17304,17297,17293,17269
Gas,Electric Generation,Trillion Btu,http://www.eia.gov/totalenergy/data/monthly/#electricity,http://www.eia.gov/forecasts/aeo/tables_ref.cfm,569,651,791,942,1070,1206,1194,1283,1383,1421,1686,1785,1889,2035,2211,2397,2395,2696,2834,3245,3596,4054,4099,4084,3748,3519,3240,3152,3284,3297,3613,3778,3730,3312,2972,3199,3135,2670,2916,2693,3173,3309,3377,3512,3538,3977,4302,3862,4126,4675,4902,5293,5458,5767,5246,5595,6015,6375,7005,6829,7022,7528,7712,9287,8337,7953,8215,8867,8666,8703,8808,9002,9100,9275,9487,9573,9695,9867,9976,10110,10180,10282,10342,10419,10580,10761,10909,10989,11113,11239,11353,11479
Oil,Electric Generation,Trillion Btu,http://www.eia.gov/totalenergy/data/monthly/#electricity,http://www.eia.gov/forecasts/aeo/tables_ref.cfm,415,472,400,420,514,417,471,455,498,486,552,553,557,560,585,634,722,883,1011,1181,1571,2117,2495,3097,3515,3365,3166,3477,3901,3987,3283,2634,2202,1568,1544,1286,1090,1452,1257,1563,1703,1289,1198,991,1124,1059,755,817,927,1306,1211,1144,1277,961,1205,1212,1235,648,657,468,390,378,303,219,262,205,205,199,175,177,177,177,179,180,181,183,183,181,180,181,181,182,180,180,180,181,182,182,183,184,185,186
Nuclear,Electric Generation,Trillion Btu,http://www.eia.gov/totalenergy/data/monthly/#electricity,http://www.eia.gov/forecasts/aeo/tables_ref.cfm,0,0,0,0,0,0,0,0,0,2,2,6,20,26,38,40,43,64,88,142,154,239,413,584,910,1272,1900,2111,2702,3024,2776,2739,3008,3131,3203,3553,4076,4380,4754,5587,5602,6104,6422,6479,6410,6694,7075,7087,6597,7068,7610,7862,8029,8145,7960,8223,8161,8215,8459,8426,8355,8434,8269,8062,8268,7943,8096,8207,8341,8301,8281,8155,8155,8155,8155,8155,8155,8155,8155,8163,8177,8181,8190,8193,8204,8216,8228,8270,8319,8371,8434,8491
Hydro,Electric Generation,Trillion Btu,http://www.eia.gov/totalenergy/data/monthly/#electricity,http://www.eia.gov/forecasts/aeo/tables_ref.cfm,1349,1346,1361,1404,1356,1304,1322,1398,1480,1555,1511,1569,1621,1780,1737,1853,2026,2028,2311,2313,2614,2600,2790,2829,2827,3143,3122,2943,2301,2905,2897,2867,2725,3233,3494,3353,2937,3038,2602,2302,2808,3014,2985,2586,2861,2620,3149,3528,3581,3241,3218,2768,2209,2650,2749,2655,2670,2839,2430,2494,2650,2521,3085,2606,2529,2638,2696,2746,2799,2794,2794,2794,2808,2808,2822,2828,2828,2830,2838,2843,2854,2859,2863,2868,2868,2870,2877,2880,2880,2881,2888,2888
Geothermal,Electric Generation,Trillion Btu,http://www.eia.gov/totalenergy/data/monthly/#electricity,http://www.eia.gov/forecasts/aeo/tables_ref.cfm,0,0,0,0,0,0,0,0,0,0,0,0,1,1,2,2,2,2,3,5,6,6,6,15,20,26,34,38,37,31,40,53,59,51,64,81,97,108,112,106,152,161,167,167,173,160,138,148,150,151,152,144,142,147,146,148,147,145,145,146,146,148,149,148,157,166,166,181,210,241,262,275,291,307,322,346,365,381,417,439,458,477,504,530,554,577,590,604,614,631,644,654
Solar,Electric Generation,Trillion Btu,http://www.eia.gov/totalenergy/data/monthly/#electricity,http://www.eia.gov/forecasts/aeo/tables_ref.cfm,0,0,0,0,0,0,0,0,0,0,0,0,0,0,0,0,0,0,0,0,0,0,0,0,0,0,0,0,0,0,0,0,0,0,0,0,0,0,0,0,3,4,5,4,5,5,5,5,5,5,5,5,6,6,5,6,6,5,6,9,9,12,17,40,85,130,152,168,175,175,176,176,176,176,176,176,177,178,180,182,186,190,197,201,204,214,227,247,274,302,336,377
Wind,Electric Generation,Trillion Btu,http://www.eia.gov/totalenergy/data/monthly/#electricity,http://www.eia.gov/forecasts/aeo/tables_ref.cfm,0,0,0,0,0,0,0,0,0,0,0,0,0,0,0,0,0,0,0,0,0,0,0,0,0,0,0,0,0,0,0,0,0,0,0,0,0,0,0,0,22,29,31,30,31,36,33,33,34,31,46,57,70,105,113,142,178,264,341,546,721,923,1167,1339,1595,1624,1927,2113,2113,2113,2113,2113,2113,2114,2114,2114,2114,2116,2118,2121,2124,2128,2132,2136,2142,2154,2187,2240,2285,2336,2376,2410
Waste,Electric Generation,Trillion Btu,http://www.eia.gov/totalenergy/data/monthly/#electricity,http://www.eia.gov/forecasts/aeo/tables_ref.cfm,0,0,0,0,0,0,0,0,0,0,0,0,0,0,0,0,0,0,0,0,0,2,2,2,2,2,2,2,2,1,2,2,1,1,2,4,7,7,7,8,132,188,229,262,265,282,296,300,309,308,315,318,211,230,230,223,221,231,237,258,261,264,255,262,258,250,237,238,233,237,240,249,240,232,240,243,233,234,234,235,232,232,234,239,234,244,242,243,243,250,243,251
Biomass,Electric Generation,Trillion Btu,http://www.eia.gov/totalenergy/data/monthly/#electricity,http://www.eia.gov/forecasts/aeo/tables_ref.cfm,6,5,5,6,5,3,3,2,2,2,2,2,1,1,1,2,3,3,3,4,3,4,3,3,3,3,2,3,5,3,5,5,4,3,4,9,14,12,15,17,232,317,354,402,415,434,422,438,446,444,453,453,337,380,397,388,406,412,423,435,441,459,437,453,465,203,199,274,313,369,415,469,537,557,616,633,699,709,714,722,765,794,813,819,822,829,831,834,841,844,850,856
Electric Generation,Electric Grid,Trillion Btu,http://www.eia.gov/totalenergy/data/monthly/#electricity,http://www.eia.gov/forecasts/aeo/tables_ref.cfm,993,1123,1265,1362,1510,1609,1867,2050,2155,2201,2423,2578,2708,2916,3128,3358,3601,3905,4144,4536,4921,5227,5503,5970,6349,6371,6543,6953,7248,7528,7668,7802,7830,7647,7883,8245,8427,8487,8776,9227,9719,9900,10017,10012,10386,10539,10899,11206,11360,11797,12045,12412,12216,12620,12697,12995,13315,13335,13667,13561,13000,13554,13472,13274,13303,13441,13679,13864,14058,14217,14327,14398,14511,14646,14808,14952,15068,15187,15309,15420,15514,15605,15682,15765,15867,15983,16091,16196,16310,16437,16561,16679
Electric Generation,Losses,Trillion Btu,http://www.eia.gov/totalenergy/data/monthly/#electricity,http://www.eia.gov/forecasts/aeo/tables_ref.cfm,3341,3550,3799,3968,4213,4162,4581,4877,5064,4985,5360,5564,5735,6110,6496,6949,7412,8074,8552,9348,10243,11020,11603,12454,13333,13491,13706,14490,15243,15957,16205,16396,16481,16232,16610,17255,17464,17617,18053,18891,20113,20587,20773,20624,21366,21707,22446,23142,23410,24340,24832,25535,24925,25325,25309,25679,26239,26030,26606,26305,24960,25984,25702,24700,24883,24998,25256,25193,25423,25716,25903,25959,26134,26294,26460,26615,26791,26870,26951,27031,27107,27167,27193,27215,27302,27413,27504,27619,27746,27897,28042,28183
Imports,Electric Grid,Trillion Btu,http://www.eia.gov/totalenergy/data/monthly/#electricity,http://www.eia.gov/forecasts/aeo/tables_ref.cfm,6,7,8,9,8,9,16,18,17,14,15,18,11,7,7,21,12,15,14,12,17,21,24,36,57,53,38,37,69,72,77,85,124,112,132,144,157,139,178,133,89,63,75,96,107,160,146,148,147,135,147,166,131,125,104,117,150,146,175,195,178,154,178,202,217,184,178,185,185,171,168,165,170,177,172,168,173,175,170,172,178,168,168,166,161,156,153,156,157,159,161,167
Electric Grid,Exports,Trillion Btu,http://www.eia.gov/totalenergy/data/monthly/#electricity,http://www.eia.gov/forecasts/aeo/tables_ref.cfm,1,1,1,1,1,1,2,2,4,3,3,3,3,6,7,15,13,11,15,15,13,14,12,10,9,9,17,8,9,5,7,14,10,12,11,9,17,16,20,24,52,55,8,10,12,7,12,11,31,47,49,51,56,54,82,78,65,83,69,83,62,65,51,41,39,51,49,53,53,53,53,52,53,53,52,52,52,51,50,50,50,50,49,49,49,49,49,49,49,49,49,49
Electric Grid,Losses,Trillion Btu,http://www.eia.gov/totalenergy/data/monthly/#electricity,http://www.eia.gov/forecasts/aeo/tables_ref.cfm,147,152,161,170,180,186,197,212,213,218,239,258,264,276,299,318,356,387,404,441,453,494,511,565,564,604,614,663,670,721,682,737,628,639,675,591,648,538,561,550,759,693,708,724,765,722,781,787,766,754,819,831,688,845,777,907,919,909,1016,979,889,903,869,896,953,940,938,933,925,915,915,911,907,905,918,933,931,935,944,950,956,961,967,972,979,991,996,998,1000,1005,1011,1023
Electric Grid,Residential,Trillion Btu,http://www.eia.gov/totalenergy/data/monthly/#electricity,http://www.eia.gov/forecasts/aeo/tables_ref.cfm,228,246,284,319,355,397,438,490,535,578,630,687,732,794,856,928,993,1081,1161,1302,1456,1591,1704,1838,1976,1973,2007,2069,2202,2301,2330,2448,2464,2489,2562,2662,2709,2795,2902,3047,3090,3153,3260,3194,3394,3441,3557,3694,3671,3856,3907,4069,4100,4317,4353,4408,4638,4612,4751,4709,4656,4933,4855,4690,4747,4685,4745,4764,4797,4827,4858,4839,4858,4893,4932,4971,5004,5043,5083,5126,5172,5207,5242,5279,5322,5365,5409,5453,5499,5550,5601,5653
Electric Grid,Commercial,Trillion Btu,http://www.eia.gov/totalenergy/data/monthly/#electricity,http://www.eia.gov/forecasts/aeo/tables_ref.cfm,200,225,252,273,297,319,350,380,411,435,488,543,572,621,688,738,789,859,925,1014,1108,1201,1288,1408,1517,1501,1598,1678,1754,1813,1854,1906,2033,2077,2117,2265,2351,2439,2539,2675,2767,2860,2918,2900,3019,3116,3252,3344,3503,3678,3766,3956,4062,4110,4090,4198,4351,4435,4560,4559,4460,4539,4532,4528,4567,4471,4509,4533,4567,4606,4646,4687,4735,4791,4846,4894,4942,4992,5040,5089,5139,5177,5216,5261,5313,5366,5420,5476,5535,5597,5660,5716
Electric Grid,Industrial,Trillion Btu,http://www.eia.gov/totalenergy/data/monthly/#electricity,http://www.eia.gov/forecasts/aeo/tables_ref.cfm,418,500,567,601,678,711,887,976,1003,978,1075,1107,1149,1228,1288,1382,1463,1582,1655,1778,1909,1948,2011,2187,2341,2337,2346,2573,2682,2761,2873,2781,2818,2542,2648,2859,2855,2834,2928,3059,3158,3226,3230,3319,3334,3439,3455,3527,3542,3587,3611,3631,3401,3379,3454,3473,3478,3451,3507,3444,3130,3313,3383,3363,3258,3452,3590,3737,3871,3957,3992,4041,4095,4149,4198,4235,4275,4304,4323,4336,4335,4335,4331,4323,4317,4317,4317,4321,4328,4336,4341,4344
Electric Grid,Transportation,Trillion Btu,http://www.eia.gov/totalenergy/data/monthly/#electricity,http://www.eia.gov/forecasts/aeo/tables_ref.cfm,22,23,24,22,22,20,20,19,16,15,14,10,10,10,10,10,10,10,10,10,10,11,10,10,11,10,10,10,10,10,10,11,11,11,13,14,14,15,16,16,16,16,16,16,16,17,17,17,17,17,17,18,20,19,23,25,26,25,28,26,27,26,26,25,26,26,27,28,29,30,31,32,32,33,34,35,36,37,38,40,41,43,45,47,49,51,53,55,57,58,60,62
Coal,Residential,Trillion Btu,http://www.eia.gov/totalenergy/data/browser/xls.cfm?tbl=T02.02,,1272,1261,1159,1079,966,858,867,839,654,664,573,585,534,521,438,379,352,349,299,264,248,209,172,116,94,82,63,59,57,49,37,31,30,32,31,40,39,40,37,37,31,31,25,26,26,21,17,17,16,12,14,11,12,12,12,11,8,6,8,,,,,,,,,,,,,,,,,,,,,,,,,,,,,,,,,
Gas,Residential,Trillion Btu,http://www.eia.gov/totalenergy/data/browser/xls.cfm?tbl=T02.02,www.eia.gov/oiaf/aeo/tablebrowser/aeo_query_server/?event=ehExcel.getFile&study=AEO2014&region=1-0&cases=ref2014-d102413a&table=2-AEO2014&yearFilter=0,1027,1240,1526,1679,1745,1961,2198,2409,2588,2809,3015,3212,3362,3600,3700,3908,4028,4275,4451,4588,4875,4987,5126,5264,4977,4901,5023,5147,4913,4981,5055,4825,4614,4711,4478,4661,4534,4405,4420,4735,4899,4491,4667,4805,5063,4960,4954,5354,5093,4646,4835,5105,4889,4995,5209,4981,4946,4476,4835,5010,4883,4878,4805,4242,5053,4772,4603,4609,4606,4585,4565,4557,4548,4538,4527,4514,4501,4490,4480,4467,4449,4428,4409,4391,4371,4346,4320,4292,4268,4249,4228,4206
Oil,Residential,Trillion Btu,http://www.eia.gov/totalenergy/data/browser/xls.cfm?tbl=T02.02,www.eia.gov/oiaf/aeo/tablebrowser/aeo_query_server/?event=ehExcel.getFile&study=AEO2014&region=1-0&cases=ref2014-d102413a&table=2-AEO2014&yearFilter=0,1106,1322,1461,1501,1510,1644,1767,1853,1801,1964,1954,2227,2293,2399,2414,2325,2432,2422,2527,2655,2705,2725,2748,2867,2800,2554,2479,2703,2681,2608,2099,1734,1531,1434,1353,1531,1565,1541,1617,1675,1660,1394,1381,1414,1439,1408,1374,1484,1422,1304,1465,1554,1529,1457,1547,1520,1451,1224,1254,1330,1161,1125,1052,896,784,1025,965,952,937,921,905,888,872,857,842,829,815,802,790,778,766,754,743,733,722,712,703,694,685,677,669,662
Solar,Residential,Trillion Btu,http://www.eia.gov/totalenergy/data/browser/xls.cfm?tbl=T02.02,,,,,,,,,,,,,,,,,,,,,,,,,,,,,,,,,,,,,,,,,,52,56,57,60,61,63,64,65,64,64,63,61,59,57,57,57,58,63,70,80,89,114,153,186,219,,,,,,,,,,,,,,,,,,,,,,,,,,,
Biomass,Residential,Trillion Btu,http://www.eia.gov/totalenergy/data/browser/xls.cfm?tbl=T02.02,,1055,1006,958,899,832,800,775,739,702,688,647,627,587,560,537,499,468,455,434,426,415,401,382,380,354,371,425,482,542,622,728,850,870,970,970,980,1010,920,850,910,920,580,610,640,550,520,520,540,430,380,390,420,370,380,400,410,430,380,420,470,500,440,450,420,580,,,,,,,,,,,,,,,,,,,,,,,,,,,
Coal,Commercial,Trillion Btu,http://www.eia.gov/totalenergy/data/browser/xls.cfm?tbl=T02.03,www.eia.gov/oiaf/aeo/tablebrowser/aeo_query_server/?event=ehExcel.getFile&study=AEO2014&region=1-0&cases=ref2014-d102413a&table=2-AEO2014&yearFilter=0,1554,1542,1307,1169,966,825,801,715,535,501,415,407,371,362,317,274,265,263,225,208,195,165,179,153,160,175,147,144,148,165,149,115,137,155,162,169,137,135,125,131,115,124,116,117,117,118,117,122,129,93,103,92,97,90,82,103,97,65,70,81,73,70,62,44,41,43,43,43,43,43,43,43,43,43,43,43,43,43,43,43,43,43,43,43,43,43,43,43,43,43,43,43
Gas,Commercial,Trillion Btu,http://www.eia.gov/totalenergy/data/browser/xls.cfm?tbl=T02.03,www.eia.gov/oiaf/aeo/tablebrowser/aeo_query_server/?event=ehExcel.getFile&study=AEO2014&region=1-0&cases=ref2014-d102413a&table=2-AEO2014&yearFilter=0,360,401,481,534,549,605,651,742,803,902,1009,1056,1115,1249,1307,1419,1490,1676,2022,2140,2323,2473,2587,2678,2649,2617,2558,2718,2548,2643,2836,2651,2557,2650,2486,2582,2488,2367,2489,2731,2785,2682,2795,2871,2923,2962,3096,3226,3285,3083,3115,3252,3097,3212,3261,3201,3073,2902,3085,3228,3187,3165,3216,2960,3365,3232,3176,3200,3219,3217,3219,3234,3248,3261,3272,3280,3288,3302,3318,3334,3345,3353,3370,3398,3427,3452,3480,3506,3541,3581,3617,3648
Oil,Commercial,Trillion Btu,http://www.eia.gov/totalenergy/data/browser/xls.cfm?tbl=T02.03,www.eia.gov/oiaf/aeo/tablebrowser/aeo_query_server/?event=ehExcel.getFile&study=AEO2014&region=1-0&cases=ref2014-d102413a&table=2-AEO2014&yearFilter=0,735,872,932,953,982,1012,1095,1136,1098,1141,1213,1248,1268,1302,1286,1275,1413,1461,1512,1544,1559,1592,1551,1573,1607,1461,1346,1500,1552,1490,1367,1318,1122,1037,1170,1227,1083,1162,1131,1099,1041,991,935,893,819,825,769,790,743,702,707,807,790,726,842,809,761,663,649,664,663,651,641,571,469,644,663,676,681,683,683,682,681,679,678,678,677,676,675,675,674,674,674,674,674,673,674,675,676,678,679,679
Hydro,Commercial,Trillion Btu,http://www.eia.gov/totalenergy/data/browser/xls.cfm?tbl=T02.03,,,,,,,,,,,,,,,,,,,,,,,,,,,,,,,,,,,,,,,,,,1,1,1,1,1,1,1,1,1,1,1,1,1,0,1,1,1,1,1,1,1,1,0,0,0,,,,,,,,,,,,,,,,,,,,,,,,,,,
Geothermal,Commercial,Trillion Btu,http://www.eia.gov/totalenergy/data/browser/xls.cfm?tbl=T02.03,,,,,,,,,,,,,,,,,,,,,,,,,,,,,,,,,,,,,,,,,,3,3,3,3,3,4,5,5,6,7,7,8,8,9,11,12,14,14,14,15,17,19,20,20,20,,,,,,,,,,,,,,,,,,,,,,,,,,,
Solar,Commercial,Trillion Btu,http://www.eia.gov/totalenergy/data/browser/xls.cfm?tbl=T02.03,,,,,,,,,,,,,,,,,,,,,,,,,,,,,,,,,,,,,,,,,,0,0,0,0,0,0,0,0,0,0,0,0,0,0,0,0,0,0,0,0,0,0,1,1,3,,,,,,,,,,,,,,,,,,,,,,,,,,,
Wind,Commercial,Trillion Btu,http://www.eia.gov/totalenergy/data/browser/xls.cfm?tbl=T02.03,,,,,,,,,,,,,,,,,,,,,,,,,,,,,,,,,,,,,,,,,,0,0,0,0,0,0,0,0,0,0,0,0,0,0,0,0,0,0,0,0,0,0,0,1,1,,,,,,,,,,,,,,,,,,,,,,,,,,,
Biomass,Commercial,Trillion Btu,http://www.eia.gov/totalenergy/data/browser/xls.cfm?tbl=T02.03,,20,19,18,17,16,15,15,14,13,13,12,12,11,11,10,9,9,9,8,8,8,8,7,7,7,7,8,9,10,12,14,21,21,22,22,22,24,27,30,33,99,94,95,105,109,106,113,129,131,118,121,119,92,95,101,105,105,103,103,109,112,111,115,109,119,,,,,,,,,,,,,,,,,,,,,,,,,,,
Coal,Industrial,Trillion Btu,http://www.eia.gov/totalenergy/data/browser/xls.cfm?tbl=T02.04,www.eia.gov/oiaf/aeo/tablebrowser/aeo_query_server/?event=ehExcel.getFile&study=AEO2014&region=1-0&cases=ref2014-d102413a&table=2-AEO2014&yearFilter=0,5433,5781,6202,5517,5931,4730,5620,5667,5536,4533,4413,4543,4345,4385,4590,4915,5127,5215,4934,4855,4712,4656,3944,3993,4057,3870,3667,3661,3454,3314,3593,3155,3157,2552,2490,2842,2760,2641,2673,2828,2787,2756,2601,2515,2496,2510,2488,2434,2395,2335,2227,2257,2192,2019,2041,2047,1954,1914,1865,1793,1393,1631,1561,1465,1553,1484,1530,1563,1579,1576,1569,1567,1569,1571,1570,1571,1573,1571,1561,1546,1533,1519,1506,1490,1476,1466,1455,1444,1435,1437,1437,1436
Gas,Industrial,Trillion Btu,http://www.eia.gov/totalenergy/data/browser/xls.cfm?tbl=T02.04,www.eia.gov/oiaf/aeo/tablebrowser/aeo_query_server/?event=ehExcel.getFile&study=AEO2014&region=1-0&cases=ref2014-d102413a&table=2-AEO2014&yearFilter=0,3188,3546,4052,4181,4304,4319,4701,4874,5107,5208,5647,5973,6170,6451,6748,7114,7339,7795,8043,8626,9234,9536,9892,9884,10388,10004,8532,8762,8635,8539,8549,8333,8185,7068,6776,7405,7032,6646,7283,7655,8088,8451,8572,8918,9070,9126,9592,9901,9933,9763,9375,9500,8676,8832,8488,8550,7907,7861,8074,8083,7609,8278,8481,8816,9080,9008,9300,9470,9621,9729,9874,10039,10166,10280,10405,10510,10583,10658,10745,10811,10830,10869,10906,10958,10993,11034,11075,11106,11166,11221,11257,11278
Oil,Industrial,Trillion Btu,http://www.eia.gov/totalenergy/data/browser/xls.cfm?tbl=T02.04,www.eia.gov/oiaf/aeo/tablebrowser/aeo_query_server/?event=ehExcel.getFile&study=AEO2014&region=1-0&cases=ref2014-d102413a&table=2-AEO2014&yearFilter=0,3475,3960,4279,4373,4491,4643,5123,5350,5249,5422,5756,5766,5774,6016,6249,6571,6813,7135,7121,7388,7690,7776,7844,8518,9083,8674,8127,8990,9747,9835,10548,9509,8265,7772,7390,7987,7714,7860,8042,8317,8098,8251,7958,8552,8386,8771,8586,9019,9255,9082,9356,9075,9178,9168,9230,9825,9633,9770,9451,8588,7814,8171,8108,8140,8689,8281,8559,8841,9085,9278,9436,9562,9651,9723,9795,9873,9950,9989,10051,10094,10088,10099,10106,10107,10089,10080,10079,10078,10109,10136,10124,10099
Hydro,Industrial,Trillion Btu,http://www.eia.gov/totalenergy/data/browser/xls.cfm?tbl=T02.04,,76,69,63,62,57,56,38,37,36,37,37,39,36,36,34,34,33,33,36,35,34,34,34,34,35,33,32,33,33,32,34,33,33,33,33,33,33,33,33,33,28,31,30,31,30,62,55,61,58,55,49,42,33,39,43,33,32,29,16,17,18,16,17,22,32,,,,,,,,,,,,,,,,,,,,,,,,,,,
Geothermal,Industrial,Trillion Btu,http://www.eia.gov/totalenergy/data/browser/xls.cfm?tbl=T02.04,,,,,,,,,,,,,,,,,,,,,,,,,,,,,,,,,,,,,,,,,,2,2,2,2,2,3,3,3,3,3,4,4,5,5,3,4,4,4,5,5,4,4,4,4,4,,,,,,,,,,,,,,,,,,,,,,,,,,,
Solar,Industrial,Trillion Btu,http://www.eia.gov/totalenergy/data/browser/xls.cfm?tbl=T02.04,,,,,,,,,,,,,,,,,,,,,,,,,,,,,,,,,,,,,,,,,,0,0,0,0,0,0,0,0,0,0,0,0,0,0,0,0,0,0,0,0,0,0,0,0,0,,,,,,,,,,,,,,,,,,,,,,,,,,,
Wind,Industrial,Trillion Btu,http://www.eia.gov/totalenergy/data/browser/xls.cfm?tbl=T02.04,,,,,,,,,,,,,,,,,,,,,,,,,,,,,,,,,,,,,,,,,,0,0,0,0,0,0,0,0,0,0,0,0,0,0,0,0,0,0,0,0,0,0,0,0,0,,,,,,,,,,,,,,,,,,,,,,,,,,,
Biomass,Industrial,Trillion Btu,http://www.eia.gov/totalenergy/data/browser/xls.cfm?tbl=T02.04,www.eia.gov/oiaf/aeo/tablebrowser/aeo_query_server/?event=ehExcel.getFile&study=AEO2014&region=1-0&cases=ref2014-d102413a&table=2-AEO2014&yearFilter=0,468,532,553,552,566,576,631,661,616,620,692,680,695,728,775,827,855,902,895,982,1014,1019,1040,1113,1165,1159,1063,1220,1281,1400,1405,1600,1695,1650,1874,1918,1918,1915,1914,1989,1841,1684,1652,1705,1741,1862,1934,1969,1996,1872,1882,1881,1681,1676,1679,1817,1837,1897,1944,2026,1963,2201,2261,2238,2198,486,710,716,729,743,752,763,774,782,787,787,787,787,787,788,788,788,788,788,788,788,786,783,781,782,787,787
Coal,Transportation,Trillion Btu,http://www.eia.gov/totalenergy/data/browser/xls.cfm?tbl=T02.05,,1727,1564,1379,984,733,461,421,340,241,115,88,75,19,17,16,17,16,15,11,10,7,7,5,4,3,2,1,0,0,0,0,0,0,0,0,0,0,0,0,0,0,0,0,0,0,0,0,0,0,0,0,0,0,0,0,0,0,0,0,0,0,0,0,0,0,,,,,,,,,,,,,,,,,,,,,,,,,,,
Gas,Transportation,Trillion Btu,http://www.eia.gov/totalenergy/data/browser/xls.cfm?tbl=T02.05,www.eia.gov/oiaf/aeo/tablebrowser/aeo_query_server/?event=ehExcel.getFile&study=AEO2014&region=1-0&cases=ref2014-d102413a&table=2-AEO2014&yearFilter=0,,130,199,214,238,239,254,306,310,323,362,359,391,396,437,450,517,553,594,609,651,745,766,787,743,685,595,559,543,539,612,650,658,612,505,545,519,499,535,632,649,680,620,608,645,709,724,737,780,666,675,672,658,699,627,602,624,625,663,692,715,719,734,777,795,791,773,766,774,787,805,822,837,850,864,882,905,937,968,1013,1054,1098,1137,1178,1222,1267,1318,1391,1462,1540,1612,1709
Oil,Transportation,Trillion Btu,http://www.eia.gov/totalenergy/data/browser/xls.cfm?tbl=T02.05,www.eia.gov/oiaf/aeo/tablebrowser/aeo_query_server/?event=ehExcel.getFile&study=AEO2014&region=1-0&cases=ref2014-d102413a&table=2-AEO2014&yearFilter=0,6152,6690,7356,7708,8059,8122,8799,9144,9286,9514,9848,10125,10324,10772,11167,11496,11866,12500,13113,14212,14813,15310,15924,16892,17832,17401,17615,18508,19243,20044,19825,19009,18813,18422,18595,19023,19472,20183,20817,21568,21707,21626,21374,21675,21977,22497,22955,23565,23813,24422,25098,25682,25412,25913,25987,26925,27309,27651,27763,26230,25375,25683,25264,24751,24895,25873,25887,25943,25892,25745,25550,25358,25151,24921,24719,24496,24273,24071,23886,23715,23579,23475,23396,23330,23293,23284,23295,23306,23327,23364,23387,23395
Biomass,Transportation,Trillion Btu,http://www.eia.gov/totalenergy/data/browser/xls.cfm?tbl=T02.05,,,,,,,,,,,,,,,,,,,,,,,,,,,,,,,,,,7,18,34,41,50,57,66,67,68,60,70,80,94,105,112,81,102,113,118,135,142,170,230,290,339,475,602,825,935,1075,1158,1159,1244,,,,,,,,,,,,,,,,,,,,,,,,,,,
Residential,"Heating, Residential",Trillion Btu,http://www.eia.gov/totalenergy/data/annual/xls/stb0205.xls,,,,,,,,,,,,,,,,,,,,,,,,,,,,,,,6940,5442,5210,5220,4620,4660,5080,5234,5128,4930,4785,4733,4790,4955,5162,5330,5396,5373,5291,5180,5064,4939,4791,4610,4398,4222,4162,4300,4675,5161,5589,5790,5597,4840,4070,5000,4780,4510,4480,4450,4410,4380,4360,4330,4310,4280,4250,4220,4200,4170,4150,4120,4090,4060,4030,4000,3970,3950,3910,3890,3860,3830,3810
Residential,"Cooling, Residential",Trillion Btu,http://www.eia.gov/totalenergy/data/annual/xls/stb0205.xls,,,,,,,,,,,,,,,,,,,,,,,,,,,,,,,310,355,360,340,310,302,320,357,401,440,465,477,480,479,472,460,442,425,415,420,445,488,547,620,702,781,845,880,878,852,819,796,801,850,880,720,770,840,850,870,880,890,910,930,950,960,980,1000,1020,1030,1050,1070,1090,1110,1120,1140,1160,1180,1200,1220,1230,1250,1270
Residential,"Water Heating, Residential",Trillion Btu,http://www.eia.gov/totalenergy/data/annual/xls/stb0205.xls,,,,,,,,,,,,,,,,,,,,,,,,,,,,,,,1530,1691,1740,1710,1640,1618,1630,1639,1641,1640,1641,1649,1670,1709,1761,1820,1879,1925,1943,1920,1850,1762,1696,1690,1769,1899,2032,2120,2127,2070,1976,1876,1798,1770,1790,1780,1790,1770,1770,1770,1770,1760,1770,1770,1770,1780,1780,1780,1780,1780,1780,1780,1780,1770,1770,1760,1750,1740,1730,1720,1710,1710,1710
Residential,Appliances & Electronics,Trillion Btu,http://www.eia.gov/totalenergy/data/annual/xls/stb0205.xls,,,,,,,,,,,,,,,,,,,,,,,,,,,,,,,1770,1860,1950,2000,1980,1968,1980,2008,2049,2100,2159,2218,2270,2311,2350,2400,2469,2552,2639,2720,2788,2845,2894,2940,2987,3047,3130,3250,3410,3586,3745,3856,3885,3800,3670,3740,3680,3690,3700,3720,3730,3750,3730,3710,3730,3740,3760,3770,3800,3820,3830,3870,3870,3910,3920,3940,3970,4000,4010,4070,4090,4130,4150
Commercial,"Heating, Commercial",Trillion Btu,http://www.eia.gov/consumption/commercial/data/2003/,,,,,,,,,,,,,,,,,,,,,,,,,,,,,,,,,,,,,,,,,,,,,1915,1798,1730,1703,1712,1751,1816,1902,2004,2119,2240,2365,2486,2590,2663,2690,2656,2546,2346,2040,1820,2160,2100,2020,2030,2040,2030,2020,2010,2010,2000,1990,1980,1970,1960,1950,1940,1930,1910,1900,1890,1880,1870,1850,1840,1830,1820,1810,1790
Commercial,"Cooling, Commercial",Trillion Btu,http://www.eia.gov/consumption/commercial/data/2003/,,,,,,,,,,,,,,,,,,,,,,,,,,,,,,,,,,,,,,,,,,,,,462,405,368,350,348,359,381,408,439,469,496,516,527,530,530,529,532,541,559,590,600,510,520,550,550,550,550,550,550,550,560,560,560,560,560,570,570,570,570,570,570,580,580,580,590,590,590,600,600
Commercial,"Water Heating, Commercial",Trillion Btu,http://www.eia.gov/consumption/commercial/data/2003/,,,,,,,,,,,,,,,,,,,,,,,,,,,,,,,,,,,,,,,,,,,,,167,153,152,162,181,209,242,280,320,361,400,436,468,495,518,537,554,568,580,590,600,610,610,610,620,620,630,630,630,640,640,640,650,650,650,650,660,660,660,660,660,660,660,660,660,660,670,670,670
Commercial,Ventilation,Trillion Btu,http://www.eia.gov/consumption/commercial/data/2003/,,,,,,,,,,,,,,,,,,,,,,,,,,,,,,,,,,,,,,,,,,,,,858,853,837,811,777,738,695,650,606,565,530,501,481,470,466,468,474,484,497,510,520,520,530,530,530,540,540,540,550,550,560,560,570,570,570,580,580,580,590,590,590,590,600,600,600,610,610,610,620
Commercial,Cooking,Trillion Btu,http://www.eia.gov/consumption/commercial/data/2003/,,,,,,,,,,,,,,,,,,,,,,,,,,,,,,,,,,,,,,,,,,,,,1161,1153,1167,1202,1252,1310,1368,1416,1446,1449,1417,1340,1215,1053,870,683,507,359,255,210,220,220,220,220,220,230,230,230,230,230,230,240,240,240,240,240,240,250,250,250,250,250,250,260,260,260,260,260,260
Commercial,Lighting,Trillion Btu,http://www.eia.gov/consumption/commercial/data/2003/,,,,,,,,,,,,,,,,,,,,,,,,,,,,,,,,,,,,,,,,,,,,,225,236,233,217,191,160,129,106,94,100,131,190,282,398,526,655,775,873,938,960,940,920,900,890,890,880,880,880,880,880,880,880,880,880,880,880,880,880,870,860,860,850,850,850,850,840,840,840,840
Commercial,Refrigeration,Trillion Btu,http://www.eia.gov/consumption/commercial/data/2003/,,,,,,,,,,,,,,,,,,,,,,,,,,,,,,,,,,,,,,,,,,,,,133,145,161,182,206,232,259,287,314,339,362,381,396,406,413,415,414,409,401,390,380,380,370,370,370,370,370,370,370,370,370,370,370,370,370,370,380,380,380,380,380,390,390,390,390,400,400,400,410
Commercial,Office Equipment,Trillion Btu,http://www.eia.gov/consumption/commercial/data/2003/,,,,,,,,,,,,,,,,,,,,,,,,,,,,,,,,,,,,,,,,,,,,,207,270,312,334,340,333,316,294,270,248,232,225,231,246,268,293,317,337,349,350,340,330,320,310,310,310,310,310,310,300,310,320,310,320,330,340,330,340,350,360,350,360,370,380,380,390,400,400,400
Commercial,"Other, Commercial",Trillion Btu,http://www.eia.gov/consumption/commercial/data/2003/,,,,,,,,,,,,,,,,,,,,,,,,,,,,,,,,,,,,,,,,,,,,,362,394,391,359,303,238,180,146,152,213,347,569,887,1273,1691,2103,2472,2763,2938,2960,2880,2940,2960,3010,3070,3110,3160,3210,3260,3310,3360,3410,3470,3520,3580,3630,3690,3750,3810,3880,3950,4030,4100,4180,4270,4350,4440,4540,4620
Industrial,Petroleum & Coal Products,Trillion Btu,http://www.eia.gov/consumption/manufacturing/data/2010/,,,,,,,,,,,,,,,,,,,,,,,,,,,,,,,,,,,,,,,,,,,,5967,5964,6100,6339,6642,6949,7196,7320,7280,7129,6943,6799,6753,6779,6831,6864,6835,6718,6493,6137,,,,,,,,,,,,,,,,,,,,,,,,,,,,,,
Industrial,Chemicals,Trillion Btu,http://www.eia.gov/consumption/manufacturing/data/2010/,,,,,,,,,,,,,,,,,,,,,,,,,,,,,,,,,,,,,,,,,,,,5051,5098,5195,5328,5486,5664,5857,6064,6272,6441,6521,6465,6243,5904,5517,5149,4866,4716,4744,4995,,,,,,,,,,,,,,,,,,,,,,,,,,,,,,
Industrial,Paper,Trillion Btu,http://www.eia.gov/consumption/manufacturing/data/2010/,,,,,,,,,,,,,,,,,,,,,,,,,,,,,,,,,,,,,,,,,,,,2506,2551,2606,2665,2722,2764,2777,2747,2667,2557,2447,2363,2326,2325,2340,2354,2348,2312,2235,2109,,,,,,,,,,,,,,,,,,,,,,,,,,,,,,
Industrial,Primary Metals,Trillion Btu,http://www.eia.gov/consumption/manufacturing/data/2010/,,,,,,,,,,,,,,,,,,,,,,,,,,,,,,,,,,,,,,,,,,,,2467,2424,2427,2462,2515,2565,2588,2560,2467,2329,2174,2030,1919,1838,1780,1736,1698,1665,1636,1608,,,,,,,,,,,,,,,,,,,,,,,,,,,,,,
Industrial,Food,Trillion Btu,http://www.eia.gov/consumption/manufacturing/data/2010/,,,,,,,,,,,,,,,,,,,,,,,,,,,,,,,,,,,,,,,,,,,,956,1099,1173,1193,1171,1127,1078,1044,1040,1058,1090,1123,1149,1167,1179,1186,1189,1186,1178,1162,,,,,,,,,,,,,,,,,,,,,,,,,,,,,,
Industrial,"Other, Industrial",Trillion Btu,http://www.eia.gov/consumption/manufacturing/data/2010/,,,,,,,,,,,,,,,,,,,,,,,,,,,,,,,,,,,,,,,,,,,,3310,3412,3537,3676,3817,3942,4030,4061,4023,3943,3855,3796,3789,3812,3830,3809,3718,3534,3237,2806,,,,,,,,,,,,,,,,,,,,,,,,,,,,,,
Transportation,"Cars, Light Trucks, Motorcycles",Trillion Btu,http://cta.ornl.gov/data/spreadsheets.shtml,,,,,,,,,,,,,,,,,,,,,,,10025,10620,11410,11915,11399,11696,12443,12741,13172,12707,11801,11683,11535,11814,12056,12368,12790,13000,13261,13414,13163,12826,13310,13749,14011,14209,14575,14903,15266,15762,15733,15863,16298,16830,17217,16899,16858,16959,16464,16241,15558,15823,16005,15960,15733,15552,15463,15350,15191,14983,14767,14539,14295,14045,13788,13516,13274,13061,12881,12723,12588,12479,12390,12319,12256,12205,12165,12138,12124,12117,12111
Transportation,Bus,Trillion Btu,http://cta.ornl.gov/data/spreadsheets.shtml,,,,,,,,,,,,,,,,,,,,,,,129,125,124,122,121,124,134,137,141,144,143,145,151,152,146,153,160,164,169,169,167,177,184,183,183,184,186,192,196,203,209,196,192,190,194,196,199,195,200,199,190,194,237,242,242,242,244,245,247,249,251,253,255,257,259,260,262,264,266,268,270,272,274,276,278,279,281,283,285,287,288
Transportation,Freight Trucks,Trillion Btu,http://cta.ornl.gov/data/spreadsheets.shtml,,,,,,,,,,,,,,,,,,,,,,,1553,1621,1779,1965,1968,2003,2114,2344,2607,2697,2686,2724,2707,2770,2873,2883,2958,3061,3118,3199,3334,3402,3468,3577,3778,3937,4045,4086,4218,4638,4819,4813,5035,4895,4535,5088,5193,6460,6527,6061,6160,5798,5025,5231,5335,5507,5675,5750,5779,5819,5867,5923,5987,6055,6116,6189,6257,6311,6357,6408,6469,6528,6574,6634,6718,6804,6893,6980,7067,7146,7229
Transportation,"Rail, Passenger",Trillion Btu,http://cta.ornl.gov/data/spreadsheets.shtml,,,,,,,,,,,,,,,,,,,,,,,27,26,25,24,41,41,41,38,38,42,39,40,40,43,62,62,66,68,70,72,71,72,71,73,74,73,73,74,76,79,85,86,85,83,84,86,86,90,92,93,93,94,47,48,49,49,49,49,49,50,50,51,51,51,52,53,53,53,54,54,55,55,56,56,57,57,58,58,59,60,61
Transportation,"Rail, Freight",Trillion Btu,http://cta.ornl.gov/data/spreadsheets.shtml,,,,,,,,,,,,,,,,,,,,,,,528,530,554,577,579,518,540,553,550,565,549,521,441,435,470,436,422,430,441,443,435,406,419,432,465,486,499,500,502,520,516,517,520,534,566,571,585,567,543,447,488,515,484,440,446,444,426,437,445,447,447,449,452,454,455,458,454,454,449,449,448,444,443,439,434,433,433,426,424,421,419
Transportation,Shipping,Trillion Btu,http://cta.ornl.gov/data/spreadsheets.shtml,,,,,,,,,,,,,,,,,,,,,,,679,617,630,734,714,760,914,1006,1209,974,1216,1091,882,791,779,684,1134,1187,1222,1318,1240,1317,1389,1222,1171,1237,1172,1009,990,1124,1211,941,1001,828,1053,1122,1204,1313,1214,1095,1240,1143,675,643,662,680,682,682,682,682,682,682,682,682,682,682,682,682,682,682,683,683,684,684,685,685,686,687,687,688,688
Transportation,Recreational Boats,Trillion Btu,http://cta.ornl.gov/data/spreadsheets.shtml,,,,,,,,,,,,,,,,,,,,,,,157,159,161,163,165,167,169,171,173,175,177,179,181,183,185,187,189,191,195,198,202,206,211,215,223,231,240,241,242,243,243,245,246,246,246,246,246,246,246,246,245,245,238,241,242,242,245,247,250,252,254,256,258,259,261,263,265,267,268,270,272,273,274,276,277,278,279,280,281,282,282
Transportation,Air,Trillion Btu,http://cta.ornl.gov/data/spreadsheets.shtml,,,,,,,,,,,,,,,,,,,,,,,1307,1304,1314,1377,1254,1274,1333,1350,1423,1488,1434,1453,1445,1440,1609,1677,1823,1899,1978,1981,2046,1916,1945,1986,2075,2141,2206,2300,2275,2483,2554,2397,2229,2260,2456,2532,2511,2509,2396,2127,2148,2162,2472,2478,2501,2523,2543,2561,2575,2587,2597,2609,2621,2633,2644,2654,2663,2670,2676,2681,2685,2688,2691,2692,2693,2693,2695,2697,2698,2699,2701
Transportation,Military,Trillion Btu,http://cta.ornl.gov/data/spreadsheets.shtml,,,,,,,,,,,,,,,,,,,,,,,,,,,,,,,,,,,,,,,,,,,,,,,,,,,,,,,,,,,,,,,,,704,659,666,652,644,640,639,639,639,638,638,638,642,648,655,662,669,676,683,691,698,706,714,722,730,739,748,756,765
Transportation,Lubricants,Trillion Btu,http://cta.ornl.gov/data/spreadsheets.shtml,,,,,,,,,,,,,,,,,,,,,,,,,,,,,,,,,,,,,,,,,,,,,,,,,,,,,,,,,,,,,,,,,119,115,117,118,119,120,120,120,120,120,120,120,120,120,120,121,121,121,121,122,122,122,122,122,122,122,122,123,123
Transportation,Pipeline,Trillion Btu,http://cta.ornl.gov/data/spreadsheets.shtml,,,,,,,,,,,,,,,,,,,,,,,991,1013,1038,997,933,840,803,786,784,860,896,904,855,740,782,755,735,772,874,890,923,860,846,885,951,967,979,1022,897,908,904,886,931,850,822,842,842,882,911,934,939,949,731,725,730,708,697,703,713,728,741,750,754,757,760,765,777,788,801,811,819,824,827,830,832,834,832,834,838,843,846
